<?xml version="1.0" encoding="iso-8859-1"?>
<font>
<charspacing>0</charspacing>
<spritesheet>
    <sprite name="space">
        <rect x="76" y="0" w="3" h="9"/>
    </sprite>
    
    <!-- Row 1 -->
    
    <sprite name="A">
        <rect x="0" y="77" w="7" h="9"/>
    </sprite>
    <sprite name="B">
        <rect x="7" y="77" w="8" h="9"/>
    </sprite>
    <sprite name="C">
        <rect x="15" y="77" w="9" h="9"/>
    </sprite>
    <sprite name="D">
        <rect x="24" y="77" w="9" h="9"/>
    </sprite>
    <sprite name="E">
        <rect x="33" y="77" w="8" h="9"/>
    </sprite>
    <sprite name="F">
        <rect x="41" y="77" w="7" h="9"/>
    </sprite>
    <sprite name="G">
        <rect x="48" y="77" w="9" h="9"/>
    </sprite>
    <sprite name="H">
        <rect x="57" y="77" w="9" h="9"/>
    </sprite>
    <sprite name="I">
        <rect x="66" y="77" w="3" h="9"/>
    </sprite>
    <sprite name="J">
        <rect x="69" y="77" w="6" h="9"/>
    </sprite>
    <sprite name="K">
        <rect x="75" y="77" w="9" h="9"/>
    </sprite>
    <sprite name="L">
        <rect x="84" y="77" w="7" h="9"/>
    </sprite>
    <sprite name="M">
        <rect x="91" y="77" w="9" h="9"/>
    </sprite>
    <sprite name="N">
        <rect x="100" y="77" w="9" h="9"/>
    </sprite>
    <sprite name="O">
        <rect x="109" y="77" w="8" h="9"/>
    </sprite>
    <sprite name="P">
        <rect x="117" y="77" w="8" h="9"/>
    </sprite>
    <sprite name="Q">
        <rect x="125" y="77" w="9" h="9"/>
    </sprite>
    <sprite name="R">
        <rect x="134" y="77" w="9" h="9"/>
    </sprite>
    <sprite name="S">
        <rect x="143" y="77" w="8" h="9"/>
    </sprite>
    <sprite name="T">
        <rect x="151" y="77" w="7" h="9"/>
    </sprite>
    <sprite name="U">
        <rect x="158" y="77" w="9" h="9"/>
    </sprite>
    <sprite name="V">
        <rect x="167" y="77" w="7" h="9"/>
    </sprite>
    <sprite name="W">
        <rect x="174" y="77" w="11" h="9"/>
    </sprite>
    <sprite name="X">
        <rect x="185" y="77" w="7" h="9"/>
    </sprite>
    <sprite name="Y">
        <rect x="192" y="77" w="7" h="9"/>
    </sprite>
    <sprite name="Z">
        <rect x="199" y="77" w="7" h="9"/>
    </sprite>
    
    <!-- Row 2 -->
    
    <sprite name="a">
        <rect x="0" y="62" w="7" h="9"/>
    </sprite>
    <sprite name="b">
        <rect x="7" y="62" w="7" h="9"/>
    </sprite>
    <sprite name="c">
        <rect x="14" y="62" w="6" h="9"/>
    </sprite>
    <sprite name="d">
        <rect x="20" y="62" w="7" h="9"/>
    </sprite>
    <sprite name="e">
        <rect x="27" y="62" w="7" h="9"/>
    </sprite>
    <sprite name="f">
        <rect x="34" y="62" w="4" h="9"/>
    </sprite>
    <sprite name="g">
        <rect x="38" y="60" w="7" h="9"/>
        <border x="0" y="2" z="0" w="0"/>
    </sprite>
    <sprite name="h">
        <rect x="44" y="62" w="7" h="9"/>
    </sprite>
    <sprite name="i">
        <rect x="51" y="62" w="3" h="9"/>
    </sprite>
    <sprite name="j">
        <rect x="54" y="60" w="3" h="11"/>
        <border x="0" y="2" z="0" w="0"/>
    </sprite>
    <sprite name="k">
        <rect x="57" y="62" w="7" h="9"/>
    </sprite>
    <sprite name="l">
        <rect x="63" y="62" w="3" h="9"/>
    </sprite>
    <sprite name="m">
        <rect x="66" y="62" w="11" h="9"/>
    </sprite>
    <sprite name="n">
        <rect x="77" y="62" w="7" h="9"/>
    </sprite>
    <sprite name="o">
        <rect x="84" y="62" w="7" h="9"/>
    </sprite>
    <sprite name="p">
        <rect x="91" y="60" w="7" h="9"/>
        <border x="0" y="2" z="0" w="0"/>
    </sprite>
    <sprite name="q">
        <rect x="98" y="60" w="7" h="9"/>
        <border x="0" y="2" z="0" w="0"/>
    </sprite>
    <sprite name="r">
        <rect x="105" y="62" w="4" h="9"/>
    </sprite>
    <sprite name="s">
        <rect x="109" y="62" w="7" h="9"/>
    </sprite>
    <sprite name="t">
        <rect x="116" y="62" w="3" h="9"/>
    </sprite>
    <sprite name="u">
        <rect x="119" y="62" w="7" h="9"/>
    </sprite>
    <sprite name="v">
        <rect x="126" y="62" w="5" h="9"/>
    </sprite>
    <sprite name="w">
        <rect x="131" y="62" w="9" h="9"/>
    </sprite>
    <sprite name="x">
        <rect x="140" y="62" w="5" h="9"/>
    </sprite>
    <sprite name="y">
        <rect x="145" y="60" w="5" h="9"/>
        <border x="0" y="2" z="0" w="0"/>
    </sprite>
    <sprite name="z">
        <rect x="150" y="62" w="5" h="9"/>
    </sprite>
    
    <!-- Row 3 -->
    
    <sprite name="1">
        <rect x="0" y="47" w="5" h="9"/>
    </sprite>
    <sprite name="2">
        <rect x="7" y="47" w="7" h="9"/>
    </sprite>
    <sprite name="3">
        <rect x="14" y="47" w="7" h="9"/>
    </sprite>
    <sprite name="4">
        <rect x="21" y="47" w="7" h="9"/>
    </sprite>
    <sprite name="5">
        <rect x="28" y="47" w="7" h="9"/>
    </sprite>
    <sprite name="6">
        <rect x="35" y="47" w="7" h="9"/>
    </sprite>
    <sprite name="7">
        <rect x="42" y="47" w="7" h="9"/>
    </sprite>
    <sprite name="8">
        <rect x="49" y="47" w="7" h="9"/>
    </sprite>
    <sprite name="9">
        <rect x="56" y="47" w="7" h="9"/>
    </sprite>
    <sprite name="0">
        <rect x="63" y="47" w="7" h="9"/>
    </sprite>
    
    <!-- Row 4 -->
    
    <sprite name="!">
        <rect x="0" y="32" w="3" h="9"/>
    </sprite>
    <sprite name="@">
        <rect x="3" y="29" w="12" h="12"/>
        <border x="0" y="3" z="0" w="0"/>
    </sprite>
    <sprite name="#">
        <rect x="15" y="32" w="7" h="9"/>
    </sprite>
    <sprite name="$">
        <rect x="22" y="31" w="7" h="11"/>
        <border x="0" y="1" z="0" w="0"/>
    </sprite>
    <sprite name="%">
        <rect x="29" y="32" w="11" h="9"/>
    </sprite>
    <sprite name="^">
        <rect x="40" y="32" w="5" h="9"/>
    </sprite>
    <sprite name="ampersand"> <!-- & -->
        <rect x="45" y="32" w="8" h="9"/>
    </sprite>
    <sprite name="asterisk"> <!-- * -->
        <rect x="53" y="32" w="5" h="9"/>
    </sprite>
    <sprite name="(">
        <rect x="58" y="30" w="4" h="11"/>
        <border x="0" y="2" z="0" w="0"/>
    </sprite>
    <sprite name=")">
        <rect x="62" y="30" w="4" h="11"/>
        <border x="0" y="2" z="0" w="0"/>
    </sprite>
    
    <!-- Row 5 -->
    
    <sprite name="-">
        <rect x="0" y="17" w="4" h="9"/>
    </sprite>
    <sprite name="_">
        <rect x="4" y="15" w="7" h="11"/>
        <border x="0" y="2" z="0" w="0"/>
    </sprite>
    <sprite name="=">
        <rect x="11" y="17" w="7" h="8"/>
    </sprite>
    <sprite name="+">
        <rect x="19" y="17" w="5" h="7"/>
    </sprite>
    
    <!-- Row 6 -->
    
    <sprite name="[">
        <rect x="0" y="0" w="3" h="11"/>
        <border x="0" y="1" z="0" w="0"/>
    </sprite>
    <sprite name="]">
        <rect x="7" y="0" w="3" h="11"/>
        <border x="0" y="1" z="0" w="0"/>
    </sprite>
    <sprite name="{">
        <rect x="3" y="0" w="4" h="11"/>
        <border x="0" y="1" z="0" w="0"/>
    </sprite>
    <sprite name="}">
        <rect x="10" y="0" w="4" h="11"/>
        <border x="0" y="1" z="0" w="0"/>
    </sprite>
    <sprite name=";">
        <rect x="14" y="0" w="3" h="11"/>
        <border x="0" y="1" z="0" w="0"/>
    </sprite>
    <sprite name="colon"> <!-- : -->
        <rect x="17" y="1" w="3" h="9"/>
    </sprite>
    <sprite name="'">
        <rect x="20" y="2" w="2" h="9"/>
    </sprite>
    <sprite name="doublequote"> <!-- " -->
        <rect x="25" y="2" w="4" h="9"/>
    </sprite>
    <sprite name="backslash"> <!-- \ -->
        <rect x="29" y="2" w="4" h="9"/>
    </sprite>
    <sprite name="pipe"> <!-- | -->
        <rect x="33" y="0" w="2" h="11"/>
        <border x="0" y="1" z="0" w="0"/>
    </sprite>
    <sprite name=",">
        <rect x="35" y="0" w="3" h="11"/>
        <border x="0" y="2" z="0" w="0"/>
    </sprite>
    <sprite name="lt"> <!-- < -->
        <rect x="39" y="2" w="6" h="9"/>
    </sprite>
    <sprite name="dot"> <!-- . -->
        <rect x="45" y="2" w="3" h="9"/>
    </sprite>
    <sprite name="rt"> <!-- > -->
        <rect x="48" y="2" w="6" h="9"/>
    </sprite>
    <sprite name="slash"> <!-- / -->
        <rect x="54" y="2" w="4" h="9"/>
    </sprite>
    <sprite name="questionmark"> <!-- ? -->
        <rect x="58" y="2" w="7" h="9"/>
    </sprite>
    <sprite name="`">
        <rect x="65" y="2" w="4" h="9"/>
    </sprite>
    <sprite name="~">
        <rect x="69" y="1" w="8" h="7"/>
    </sprite>
</spritesheet>
</font>